Bottle,Country & Region/Appellation,Vintage,Drinking window,Peak year,Food pairing notes,Meal to have with this wine,Style,Grapes
Gran Enemigo – Gualtallary,Argentina – Uco Valley (Mendoza),2019,2023–2035,2029,"Structured, mineral Malbec with Cabernet Franc notes; great with grilled red meats and Argentine dishes.","Argentine asado (steak, chorizo)",Red,Cabernet Franc & Malbec
Lorenzo Lo Sagrado Cabernet Franc,"Argentina – Agrelo, Luján de Cuyo (Mendoza)",2019,2024–2032,2027,"Bright red‑fruit Cabernet Franc; suits herb‑roasted poultry, pork or lamb, and peppery dishes.",Roast duck with plum sauce,Red,Cabernet Franc
Grüner Veltliner (producer unclear),Austria – Wachau,2018,2020–2028,2023,"Dry, spicy white with white‑pepper and citrus notes; pairs with schnitzel, roasted poultry and Austrian dishes.",Wiener Schnitzel,White,Grüner Veltliner
New Chapter Grüner Veltliner,Austria – Niederösterreich (Lenzmark),2021,2022–2026,2023,Crisp Grüner Veltliner; complements schnitzel and spicy Asian cuisine.,Wiener Schnitzel,White,Grüner Veltliner
Santa Rita “Casa Real” Cabernet Sauvignon Reserva Especial,Chile – Maipo Valley,2018,2024–2038,2030,"Classic Chilean Cabernet with cassis, cedar and mint; needs grilled steaks, lamb or aged cheeses.",Ribeye steak with rosemary potatoes,Red,Cabernet Sauvignon
Garage Wine Co. “Truquilemu Vineyard” Carignan Field Blend Lot 97,Chile – Maule Valley,2019,2024–2034,2028,"Concentrated Carignan blend with dark fruit and spice; pairs with game, barbecue and hearty stews.",Slow‑cooked venison stew,Red,Carignan
Domaine Huet – Clos du Bourg Moelleux,France – Vouvray (Loire),2018,2022–2040+,2030,"Sweet Chenin Blanc with honeyed stone fruit; pairs with foie‑gras, blue cheese or spicy Asian food.",Foie gras terrine,Sweet,Chenin Blanc
Corton “Le Clos du Roi” Grand Cru (Domaine d’Ardhuy),France – Burgundy (Corton),2018,2025–2040,2030,"Grand Cru Pinot Noir; intense cherry and earth; needs time; pairs with duck, beef or mushrooms.",Beef Bourguignon,Red,Pinot Noir
Clos de Saint Yves (Domaine des Baumard),France – Savennières (Loire),2019,2023–2030,2026,"Dry Chenin Blanc; quince, honey and chalky minerality; works with shellfish, poultry and creamy sauces.",Pan‑seared sea bass with beurre blanc,White,Chenin Blanc
E. Guigal – Crozes‑Hermitage,France – Northern Rhône,2019,2023–2030,2026,"Syrah showing black‑pepper and blackberry; pairs with lamb, grilled meats or cassoulet.",Herb‑crusted rack of lamb,Red,Syrah
Château La Nerthe “Clos de Beauvenir”,France – Châteauneuf‑du‑Pape,2021,2024–2032,2026,"White Rhône blend (Roussanne‑dominant); honeyed stone fruit and floral; suits poultry, rich fish or truffle dishes.",Roast chicken with truffle butter,White,Roussanne (dominant)
Famille Perrin Château de Beaucastel Roussanne Vieilles Vignes,France – Châteauneuf‑du‑Pape,2022,2024–2034,2028,"Complex, oak‑fermented Roussanne; pairs with lobster, scallops or creamy pasta.",Butter‑poached lobster,White,Roussanne
Joseph Mellot “Cuvée Pierre‑Étienne” Sancerre,France – Sancerre (Loire),2017,2020–2030,2025,"Mature Sancerre with citrus and flinty notes; ideal with goat cheese, shellfish and light poultry.",Goat‑cheese and herb salad,White,Sauvignon Blanc
Château d’Agassac,France – Bordeaux (Haut‑Médoc),2012,2015–2030,2023,"Cabernet‑Merlot blend; great with steak, duck confit and aged cheeses.",Duck confit with potatoes,Red,Cabernet Sauvignon & Merlot
Château Princé Chenin Sec “Les Ardoisières”,France – Anjou (Loire),2019,2022–2032,2026,"Dry Chenin Blanc; pairs with seafood, poultry and creamy sauces.",Roast chicken with lemon & thyme,White,Chenin Blanc
Bernard Lonclas Blanc de Blancs Extra Brut Vintage,France – Champagne,2015,2020–2030,2025,Extra‑Brut vintage Blanc de Blancs; crisp citrus and brioche; pairs with seafood and sushi.,Pan‑seared scallops with lemon butter,Sparkling,Chardonnay
Gaston Chiquet Rosé Premier Cru Brut,France – Champagne (Dizy),2023,2024–2028,2025,"Rosé Champagne with red‑fruit notes; great with charcuterie, salmon and berry desserts.",Smoked salmon blinis,Sparkling,"Pinot Noir, Chardonnay, Pinot Meunier"
Selbach‑Oster Graacher Domprobst Riesling Spätlese,Germany – Mosel,2021,2024–2045,2032,"Sweet but balanced Riesling; great with spicy Asian, pork dishes or fruity desserts.",Thai red curry with pork,Sweet,Riesling
Lungarotti “Rubesco Vigna Monticchio” (Torgiano Rosso Riserva),Italy – Umbria,2015,2020–2035,2028,"Sangiovese/Canaiolo blend with earthy cherry and leather; pairs with roast pork, game or aged Pecorino.",Osso buco with saffron risotto,Red,Sangiovese & Canaiolo
Lungarotti Montefalco Sagrantino DOCG,Italy – Umbria,2017,2027–2047,2032,"Powerful, tannic Sagrantino; traditionally paired with lamb and Umbrian dishes.",Braised lamb shank with mushrooms,Red,Sagrantino
Castello Banfi Poggio all’Oro Brunello di Montalcino Riserva,Italy – Tuscany (Brunello),2016,2026–2046,2032,"Powerful Sangiovese; great with steak, game and rich pasta dishes.",Bistecca alla Fiorentina,Red,Sangiovese
Volpaia Coltassala,Italy – Tuscany (Chianti Classico),2019,2025–2040,2032,Gran Selezione Chianti; pairs beautifully with Tuscan ragù and roasts.,Pappardelle al ragù di cinghiale,Red,Sangiovese & Mammolo
Triacca San Domenico Sforzato di Valtellina,Italy – Lombardy (Valtellina),2017,2025–2038,2030,Dried‑grape Nebbiolo (Sfursat); suits braised meats and aged cheeses.,Braised beef cheeks with polenta,Red,Nebbiolo (Chiavennasca)
Casa Ferreirinha Castas Escondidas Douro,Portugal – Douro,2019,2024–2034,2028,"Rich Douro blend; pairs with grilled beef, game and hearty stews.",Portuguese churrasco,Red,"Touriga Franca, Tinta Barroca & others"
Quinta da Leda (Casa Ferreirinha),Portugal – Douro,2015,2024–2040,2030,"Structured Touriga blend; dark fruit and chocolate; pairs with grilled beef, venison or stews.",Portuguese cozido,Red,"Touriga Nacional, Tinta Roriz, Tinta Barroca, others"
Guarita da Chocapalha,Portugal – Lisbon region,2016,2022–2030,2025,Alicante Bouschet from old vines; ripe plum and spice; pairs with roast pork and chouriço dishes.,Porco Preto (roast Iberian pork),Red,Alicante Bouschet
Ferreira Vintage Port,Portugal – Douro,2018,2030–2075,2045,"Fortified and powerful; matches blue cheeses, dark chocolate or dried fruits.",Stilton cheese & fig tart,Fortified,"Touriga Nacional, Touriga Franca, Tinta Barroca, Tinta Roriz, others"
Quinta da Manoella Vinhas Velhas,Portugal – Douro,2019,2025–2035,2029,"Old‑vine Douro red; concentrated dark fruit and spice; pairs with game, grilled lamb or rich stews.",Wild boar ragù with tagliatelle,Red,"Field blend (Touriga Nacional, etc.)"
Madre de Agua Vinha Velhas Tinto,Portugal – Dão,2017,2024–2032,2026,"Elegant Portuguese red (93 pts); pairs with roast lamb, game and hearty dishes.",Roast lamb with rosemary,Red,"Alfrocheiro, Touriga Nacional & others"
Torre Muga Rioja,Spain – Rioja,2019,2025–2040,2032,"Tempranillo blend; dark cherry, leather and vanilla; pairs with lamb, Ibérico ham or mushroom dishes.",Slow‑cooked lamb shoulder,Red,"Tempranillo, Graciano, Mazuelo"
Arzuaga Reserva Especial,Spain – Ribera del Duero,2019,2027–2042,2031,Elegant Tempranillo/Cabernet blend; ideal with roast lamb and Ibérico pork.,Roast suckling lamb,Red,Tempranillo & Cabernet Sauvignon
El Veneno Garnacha,Spain – Alicante,2020,2023–2030,2026,"Mediterranean Garnacha with ripe berry fruit and herbs; pairs with grilled meats, paella and tapas.",Paella Valenciana,Red,Garnacha
Plácet de Valtomelloso (white Rioja),Spain – Rioja,2021,2023–2028,2025,"Elegant, oak‑fermented Viura; works with seafood, paella or grilled vegetables.",Seafood paella,White,Viura
Vi de Vila Gratallops,Spain – Priorat (Catalonia),2022,2025–2035,2028,"Grenache/Carignan blend; mineral and intense; pairs with lamb, grilled beef or Catalan dishes.",Grilled lamb chops,Red,Garnacha & Carignan
J. Lohr “Cuvée POM”,United States – California (Paso Robles),2018,2023–2035,2026,Bordeaux‑style blend (Merlot‑dominant); blackberry and mocha; pairs with prime rib or braised beef.,Beef short ribs braised in red wine,Red,"Merlot, Cabernet Sauvignon, Cabernet Franc, Malbec"